#{"t_start": 1776169974.3279428, "env_id": "None"}
r,l,t
10.79998,6,0.669906
11.954512,7,0.680778
10.386357,6,0.685652
10.051595,6,0.701926
10.230492,6,0.715289
11.90156,7,0.720021
11.818142,7,0.732043
11.923836,7,0.739559
12.058516,7,0.750134
10.561137,6,0.763338
10.021925,6,0.774773
10.835929,6,0.782855
12.176584,7,0.793694
10.054205,6,0.799475
10.674895,6,0.814746
11.976979,7,0.828063
10.639872,6,0.833799
10.399892,6,0.846717
10.954884,6,0.851846
10.764563,6,0.863223
10.007564,6,0.869306
10.519111,6,0.88106
12.118945,7,0.889975
12.054514,7,0.900613
8.861836,5,0.912881
9.877638,6,0.919409
12.124942,7,0.931719
11.920452,7,0.944559
10.564423,6,0.951787
10.752353,6,0.965261
11.847831,7,0.97951
10.335611,6,0.985504
9.902313,6,0.999247
12.00345,7,1.00869
10.96508,6,1.01964
10.914564,6,1.031539
10.586016,6,1.035808
10.738378,6,1.046584
10.84244,6,1.052776
10.567238,6,1.063918
10.787158,6,1.080464
11.921426,7,1.086592
9.920778,6,1.098819
10.141598,6,1.106538
10.292021,6,1.120347
10.299533,6,1.132507
11.99134,7,1.146078
8.926044,5,1.15362
14.325486,8,1.170043
12.156514,7,1.185688
10.599827,6,1.198226
9.924341,6,1.210979
10.142219,6,1.217015
9.990697,6,1.223034
10.743401,6,1.231308
11.065559,6,1.235895
10.765551,6,1.249849
11.652058,7,1.256939
10.910032,7,1.264469
10.836311,6,1.268766
10.854643,6,1.278809
11.919307,7,1.284111
10.528362,6,1.295225
12.335578,7,1.30113
12.027402,7,1.313336
10.677718,6,1.318433
10.725328,6,1.332607
11.909278,7,1.34112
10.209636,6,1.348482
10.253524,6,1.353111
10.493853,6,1.363173
11.570052,7,1.367725
11.979996,7,1.378173
10.841564,6,1.383306
10.726706,6,1.395871
11.733242,7,1.409035
10.644815,6,1.415737
10.27005,6,1.420481
10.514506,6,1.432032
9.923639,6,1.436201
10.96065,6,1.447089
11.979252,7,1.452219
11.87808,7,1.466481
10.025759,6,1.479897
12.094045,7,1.485913
10.559299,6,1.500215
8.964161,5,1.504801
10.852828,6,1.517762
11.668585,7,1.52818
11.593711,7,1.534271
10.316856,6,1.546491
10.608167,6,1.551517
10.261412,6,1.566084
10.446612,6,1.579302
10.648091,6,1.584362
9.840512,6,1.596613
10.741418,6,1.602235
9.976823,6,1.611749
11.672117,7,1.617333
10.557005,6,1.623014
12.159915,7,1.634147
12.172512,7,1.649216
10.839494,6,1.657393
10.842617,6,1.66786
10.842722,6,1.680913
10.816745,6,1.686452
11.425646,7,1.698198
10.571281,6,1.70321
10.148055,6,1.715606
10.864281,6,1.721677
12.126344,7,1.735389
10.561646,6,1.747178
10.92006,6,1.75419
10.076723,6,1.766555
10.69343,6,1.779124
11.941822,7,1.786234
12.139418,7,1.800549
11.951104,7,1.812817
10.816325,6,1.819671
12.153223,7,1.831887
10.872954,6,1.841268
10.439865,6,1.850509
11.875125,7,1.861304
10.683274,6,1.869428
10.166777,6,1.883365
9.741077,6,1.897449
10.461632,6,1.90343
10.436112,6,1.916914
10.459753,6,1.930373
10.842703,6,1.935224
10.310454,6,1.945859
10.145525,6,1.950525
9.831306,6,1.957666
10.586884,6,1.964672
10.308368,6,1.969378
12.012591,7,1.980083
11.761453,7,1.98555
10.016326,6,1.99529
11.93798,7,2.000349
10.677799,6,2.010135
10.194887,6,2.01493
10.580206,6,2.019375
10.745702,6,2.028539
9.952086,6,2.033836
10.331929,6,2.042344
10.854517,6,2.048919
10.703997,6,2.060372
10.595285,6,2.065389
12.15654,7,2.076884
10.542435,6,2.082618
10.837162,6,2.087042
12.043795,7,2.100277
10.335118,6,2.108688
10.533991,6,2.114113
10.769064,6,2.118329
9.849554,6,2.129157
11.738599,7,2.13381
12.164444,7,2.140703
11.690305,7,2.14826
11.877051,7,2.155247
10.317894,6,2.165077
10.7774,6,2.170287
10.299116,6,2.182293
12.120102,7,2.195302
10.073894,6,2.20037
11.136666,7,2.207932
10.324596,6,2.215195
12.012192,7,2.223094
11.532385,7,2.231977
9.919503,6,2.236754
11.918087,7,2.247027
10.061254,6,2.251163
10.815467,6,2.261147
10.463983,6,2.26729
10.741468,6,2.276715
10.720791,6,2.284208
12.054439,7,2.294815
11.716262,7,2.299697
12.19176,7,2.312571
10.074524,6,2.317526
11.579606,7,2.329454
10.806083,6,2.333382
9.560385,6,2.342903
10.479275,6,2.348798
12.21335,7,2.364545
10.713625,6,2.370668
11.98247,7,2.380333
9.930798,6,2.384662
10.809513,6,2.393382
10.148793,6,2.398583
10.137277,6,2.403244
10.08177,6,2.412384
10.524525,6,2.417399
11.941324,7,2.42866
11.831104,7,2.437397
10.552304,6,2.446958
10.480822,6,2.452895
8.936121,5,2.463073
11.001526,6,2.467726
8.899943,5,2.478039
10.013753,6,2.485294
10.349957,6,2.494458
11.660105,7,2.499925
10.223357,6,2.503705
11.80756,7,2.514947
10.202661,6,2.52913
12.560375,7,2.534365
10.482392,6,2.541394
9.954195,6,2.547955
10.095506,6,2.553379
11.627976,7,2.563984
11.921581,7,2.570584
10.578355,6,2.580513
12.027534,7,2.585688
10.123026,6,2.593806
12.1067,7,2.59874
12.065157,7,2.604475
10.917027,6,2.617121
8.986281,5,2.624867
12.025566,7,2.630975
10.809897,6,2.635004
10.707559,6,2.643206
10.781724,6,2.650123
10.053887,6,2.654081
11.883394,7,2.66383
10.238068,6,2.677845
12.107596,7,2.682414
11.863025,7,2.686451
10.872423,6,2.694935
10.812805,6,2.699601
10.26224,6,2.703727
10.833702,6,2.715991
10.494463,6,2.728575
10.893457,6,2.733392
10.628149,6,2.742811
12.405617,7,2.756652
11.601415,7,2.764331
9.057401,5,2.768872
10.16677,6,2.782349
11.958618,7,2.788429
10.808753,6,2.796253
10.722587,6,2.800541
10.819964,6,2.808914
12.030816,7,2.815068
12.078585,7,2.824661
11.373819,7,2.833316
9.814553,6,2.840902
10.853495,6,2.847938
9.858102,6,2.852139
11.809582,7,2.862729
9.975119,6,2.867675
10.116854,6,2.878297
10.091072,6,2.883319
10.012616,6,2.89329
11.795949,7,2.89933
10.387734,6,2.903011
10.207303,6,2.913166
9.164391,5,2.917824
10.799992,6,2.932372
12.594864,7,2.936833
10.910649,6,2.946193
11.855238,7,2.953518
11.936923,7,2.966415
12.130867,7,2.977263
10.87658,6,2.982213
10.856984,6,2.993632
10.300968,6,2.998501
10.84385,6,3.011487
10.426987,6,3.016573
10.160317,6,3.028697
9.672841,6,3.033345
10.90446,6,3.037364
10.877752,6,3.048415
11.407748,7,3.059968
11.822212,7,3.065528
10.302725,6,3.070561
11.473116,7,3.081514
16.468075,9,3.093386
12.048211,7,3.099097
10.714684,6,3.102722
9.932947,6,3.111851
10.053639,6,3.116002
11.988689,7,3.120166
10.191382,6,3.129209
10.065456,6,3.133146
10.453095,6,3.146302
10.295849,6,3.15185
9.13836,5,3.162243
8.8624,5,3.16654
12.071155,7,3.170721
9.885701,6,3.179444
10.308135,6,3.184893
10.940144,6,3.193178
10.931956,6,3.19856
9.762565,6,3.202249
10.541213,6,3.210725
10.815062,6,3.2198
11.702178,7,3.230786
10.37841,6,3.236428
10.874708,6,3.245727
10.435055,6,3.250535
10.693646,6,3.260488
10.28067,6,3.267009
10.548756,6,3.274955
12.610639,7,3.281297
9.828376,6,3.285669
10.61403,6,3.294713
10.02577,6,3.302378
12.341861,7,3.314305
10.624913,6,3.319545
11.734643,7,3.330858
10.279793,6,3.334985
9.999049,6,3.34838
10.942687,6,3.353602
10.746287,6,3.363768
10.855902,6,3.367872
11.890457,7,3.379319
12.638814,7,3.384782
11.990165,7,3.397164
23.119513,13,3.411371
10.196233,6,3.416723
10.132309,6,3.423978
9.828437,6,3.431897
9.967556,6,3.444808
9.508814,6,6.049835
10.815666,6,6.055059
10.446207,6,6.071979
10.025462,6,6.081108
10.720352,6,6.085839
10.959556,7,6.096323
11.985375,7,6.101557
10.518403,6,6.111742
9.503014,6,6.116001
10.39054,6,6.120875
10.842957,6,6.131443
9.9882,6,6.136089
10.763934,6,6.147342
12.412744,7,6.152555
10.723633,6,6.162878
12.128101,7,6.168376
17.956838,10,6.179847
10.435847,6,6.184294
12.151769,7,6.193511
10.0668,6,6.200381
10.598297,6,6.210437
10.512054,6,6.215742
10.740877,6,6.228539
10.40277,6,6.234166
10.652057,6,6.246161
12.215276,7,6.251795
10.820527,6,6.261332
12.043904,7,6.268928
9.964195,6,6.280962
12.095374,7,6.285952
10.20578,6,6.298011
12.12836,7,6.303187
9.561379,6,6.31431
12.031247,7,6.319387
12.029049,7,6.331779
10.820224,6,6.344337
10.429883,6,6.350589
10.258768,6,6.360661
10.17336,6,6.369349
10.715913,6,6.381428
10.935624,6,6.38651
10.506743,6,6.401166
11.858762,7,6.415876
12.125233,7,6.441214
10.114268,6,6.462649
10.419796,6,6.468793
10.205292,6,6.484471
10.858412,6,6.501966
12.068336,7,6.517661
10.172929,6,6.530497
10.198237,6,6.547907
10.585442,6,6.553494
9.582061,6,6.566554
10.893262,6,6.573908
10.199696,6,6.583086
10.488085,6,6.593551
10.428946,6,6.602899
10.58952,6,6.615367
10.616205,6,6.621072
11.929228,7,6.634896
10.468882,6,6.646755
10.015283,6,6.651973
10.901587,6,6.664154
12.108228,7,6.669933
10.456279,6,6.679261
10.517697,6,6.68363
11.938201,7,6.696345
10.912771,6,6.712666
10.650457,6,6.718254
11.842575,7,6.732001
10.319361,6,6.746273
11.424884,7,6.753115
10.765156,6,6.763513
11.895042,7,6.769545
10.855163,6,6.78037
10.73416,7,6.789421
10.640788,6,6.802147
10.951657,6,6.814113
11.91029,7,6.824107
10.274899,6,6.832045
11.076824,7,6.843646
10.356532,6,6.849394
10.693015,6,6.854104
10.389244,6,6.867748
10.25588,6,6.881143
11.902319,7,6.886624
11.911384,7,6.897929
12.09433,7,6.910629
12.108711,7,6.916656
11.904178,7,6.928642
9.661716,6,6.934372
10.883527,6,6.944334
10.169096,6,6.949836
10.738995,6,6.96021
10.235137,6,6.965549
10.238382,6,6.978858
10.829429,6,6.983824
10.1748,6,6.995106
10.855288,6,7.001977
11.831966,7,7.014122
10.842743,6,7.018818
10.916487,6,7.028284
10.067362,6,7.033102
12.043443,7,7.037601
11.964099,7,7.050641
10.887534,6,7.060926
11.760659,7,7.068173
10.87622,6,7.077008
11.103637,7,7.101472
12.875378,8,7.117276
10.170215,6,7.130481
12.083716,7,7.146694
12.113962,7,7.15201
11.580859,7,7.163591
9.926195,6,7.168194
12.068712,7,7.181907
11.78921,7,7.20394
10.524275,6,7.214921
10.790696,6,7.220124
10.884953,6,7.229398
10.913981,6,7.234009
11.90017,7,7.243318
9.043613,5,7.251177
11.976672,7,7.262171
10.432995,6,7.267273
10.856581,6,7.27839
10.909176,6,7.283678
11.620241,7,7.288134
10.371876,6,7.29862
10.634309,6,7.305035
10.733086,6,7.315994
10.987609,6,7.320987
10.95357,6,7.332834
10.497582,6,7.337574
12.153997,7,7.350266
11.795432,7,7.363619
10.908816,6,7.36834
11.914183,7,7.380885
10.833997,6,7.386898
10.830443,6,7.396169
10.117446,6,7.400525
12.015066,7,7.413557
12.091809,7,7.418938
10.598663,6,7.431404
12.297449,7,7.437078
10.433113,6,7.453852
8.899711,5,7.467688
10.845655,6,7.481727
10.542444,6,7.488914
10.879588,6,7.512031
12.201429,7,7.526118
10.586032,6,7.532537
12.055308,7,7.543123
10.900581,6,7.549736
11.796463,7,7.562202
11.703946,7,7.567737
10.337037,6,7.580859
10.726164,6,7.585413
12.15323,7,7.597095
10.821694,6,7.601969
10.206751,6,7.613878
12.449576,7,7.621409
11.951249,7,7.632229
9.783038,6,7.637996
10.844904,6,7.648117
10.766009,6,7.653611
11.833462,7,7.668234
10.112074,6,7.680198
10.672739,6,7.686516
10.020705,6,7.698406
12.40814,7,7.704222
10.424075,6,7.71557
10.529343,6,7.721462
10.703803,6,7.731576
9.977635,6,7.735999
10.223858,6,7.747891
10.553948,6,7.752371
10.910071,6,7.764954
9.879876,6,7.770586
12.073162,7,7.784385
10.856645,6,7.796978
9.829312,6,7.803123
12.117984,7,7.813903
10.888347,6,7.8205
10.847842,6,7.831
10.741778,6,7.83516
10.716377,6,7.844158
11.574938,7,7.850023
10.253501,6,7.854899
9.900117,6,7.864075
10.942337,6,7.869796
10.515071,6,7.879907
10.55694,6,7.885333
10.575291,6,7.894771
11.950068,7,7.900723
10.996225,6,7.911731
16.564953,10,7.918783
10.230496,6,7.928395
12.180192,7,7.938363
12.32546,7,7.949019
10.849025,6,7.953588
9.9978,6,7.96607
11.893167,7,7.977153
12.100597,7,7.983823
10.257847,6,7.994758
10.915336,6,8.000489
9.875223,6,8.01181
12.099017,7,8.01999
9.96536,6,8.033804
10.871381,6,8.038105
13.642391,8,8.050753
10.621296,6,8.059619
10.686917,6,8.066389
12.092872,7,8.072182
11.899858,7,8.081715
10.857507,6,8.086383
10.89652,6,8.097888
10.732053,6,8.102963
10.79485,6,8.11472
8.876017,5,8.119394
11.983685,7,8.135726
13.450467,8,8.147622
11.896461,7,8.152226
10.13152,6,8.162419
9.521217,6,8.167138
9.817834,6,8.178063
10.911304,6,8.184243
10.015905,6,8.196311
10.635995,6,8.202302
10.216782,6,8.212623
12.100645,7,8.221237
11.917955,7,8.232396
10.434067,6,8.245068
10.660536,6,8.252105
9.895997,6,8.264577
12.045585,7,8.270501
10.777194,6,8.284704
10.751428,6,8.295937
10.68255,6,8.301951
10.524434,6,8.313397
9.823859,6,8.318295
10.025014,6,8.331588
10.101831,6,8.336299
12.132488,7,8.348123
11.888603,7,8.352734
10.992214,6,8.362041
10.269994,6,8.367103
10.329857,6,8.373866
10.890479,6,8.381242
10.086753,6,8.387052
9.963565,6,8.397236
11.947632,7,8.403703
10.589957,6,8.413304
10.847725,6,8.413693
12.843506,8,8.426212
10.837011,6,8.430707
10.369599,6,8.441953
10.386076,6,8.446328
10.499265,6,8.459157
9.9627,6,8.464193
10.889622,6,8.475905
12.16451,7,8.4816
12.619428,8,8.495118
12.082647,7,8.507096
10.164089,6,8.512277
10.294252,6,8.524967
10.842847,6,8.530989
10.496708,6,8.547564
10.875393,6,8.557755
10.577523,6,8.564063
12.121374,7,8.57463
10.657895,6,8.580253
12.472166,7,8.593391
11.926757,7,8.598652
9.585168,6,8.608364
10.371504,6,8.614078
10.367408,6,8.624286
10.719519,6,8.630923
10.122496,6,8.64105
11.699334,7,8.646282
10.044133,6,8.657124
10.152512,6,8.661991
11.922967,7,8.6742
10.251582,6,8.678897
10.823439,6,8.691438
11.893401,7,8.697591
10.755558,6,8.71899
10.803802,6,8.740542
10.813165,6,8.746652
12.211548,7,8.760085
12.043651,7,8.768804
11.979389,7,8.778942
12.058998,7,8.78988
10.717452,6,8.810858
10.774187,6,8.82875
12.280506,7,8.845412
10.923266,6,8.857386
10.077633,6,8.862895
8.91311,5,8.874658
10.631948,6,8.881893
10.775793,6,8.892625
12.152395,7,8.908075
10.892215,6,8.914255
10.121667,6,8.925954
10.562923,6,8.931573
10.858334,6,8.943076
10.808754,6,8.948311
11.473025,7,8.960764
10.865718,6,8.965368
10.654481,6,8.976274
12.106386,7,8.981056
10.787041,6,8.993747
10.069545,6,9.006946
11.985823,7,9.01307
12.190391,7,9.02506
10.293414,6,9.031043
12.585032,7,9.041928
11.971622,7,9.056694
10.181212,6,9.061256
10.559059,6,9.070641
12.016114,7,9.07578
10.519455,6,9.084353
10.797529,6,9.09381
9.944155,6,11.394661
10.774634,6,11.401931
10.471087,6,11.412893
10.142694,6,11.424559
10.325222,6,11.431235
10.759166,6,11.441504
10.48753,6,11.448026
9.553377,6,11.458124
10.083557,6,11.463212
10.887954,6,11.472891
14.32389,8,11.480181
10.776606,6,11.491355
10.961985,6,11.496458
11.988623,7,11.508376
10.553431,6,11.515756
10.127384,6,11.526954
10.116516,6,11.531187
10.144319,6,11.544948
11.815471,7,11.560258
10.086184,6,11.56728
12.044793,7,11.578966
10.835343,6,11.588556
10.769944,6,11.596647
10.743418,6,11.606473
10.304064,6,11.618382
10.676097,6,11.625734
11.979697,7,11.631804
10.707734,6,11.643613
10.43554,6,11.648248
10.242201,6,11.661801
9.736574,6,11.671316
10.791371,6,11.67649
12.171287,7,11.689443
11.922902,7,11.696888
10.145054,6,11.70741
11.94065,7,11.71489
10.14376,6,11.726491
10.123331,6,11.731591
11.625268,7,11.743197
11.948965,7,11.749064
10.929244,6,11.761304
12.059011,7,11.773664
10.426181,6,11.78047
11.82533,7,11.795439
10.929833,6,11.808372
10.273631,6,11.814808
11.917319,7,11.827969
10.704958,6,11.832643
10.842709,6,11.844902
10.670622,6,11.855349
10.107898,6,11.868606
12.017112,7,11.879807
10.083055,6,11.895335
10.912562,6,11.903548
10.175432,6,11.912352
10.863193,6,11.9246
10.810398,6,11.930308
10.766628,6,11.94183
12.092594,7,11.947049
10.926083,6,11.960521
10.787499,6,11.966915
10.315049,6,11.981933
12.052537,7,11.993142
11.605784,7,12.001152
10.443033,6,12.010252
14.412699,8,12.025084
9.58928,6,12.0307
10.761774,6,12.045413
12.075367,7,12.056496
10.910155,6,12.061629
10.835224,6,12.074383
10.770041,6,12.080873
11.939471,7,12.093462
10.705649,6,12.098289
10.30479,6,12.109635
11.617978,7,12.12433
14.144935,8,12.1306
11.910371,7,12.142948
11.902473,7,12.149142
11.890589,7,12.160063
10.227403,6,12.165752
10.826146,6,12.177078
12.064574,7,12.188797
12.1911,7,12.195026
11.81327,7,12.209511
10.875518,6,12.214728
10.594311,6,12.225016
10.762027,6,12.23067
11.718612,7,12.24004
10.771039,6,12.246388
10.898034,6,12.257024
11.871288,7,12.264641
11.899911,7,12.275689
10.881663,6,12.28062
11.698411,7,12.291267
10.365716,6,12.296583
9.801328,6,12.308953
10.692676,6,12.314577
10.104427,6,12.323559
10.618565,6,12.32844
11.989692,7,12.341662
12.661397,7,12.352443
10.467463,6,12.359035
10.497031,6,12.364792
10.834409,6,12.376829
10.911049,6,12.382082
12.071952,7,12.396101
10.645287,6,12.406854
10.484493,6,12.413131
10.833032,6,12.423328
10.084351,6,12.427804
10.187727,6,12.433464
11.858825,7,12.444224
11.91803,7,12.459172
11.721049,7,12.465864
10.121541,6,12.477331
10.479264,6,12.488701
11.694478,7,12.497164
10.134992,6,12.509726
11.930794,7,12.523629
10.570952,6,12.52871
10.809152,6,12.539765
10.204539,6,12.544507
9.942624,6,12.555186
10.442371,6,12.559972
10.787441,6,12.565281
8.910152,5,12.575644
10.272282,6,12.581507
9.868941,6,12.592393
9.865059,6,12.596765
11.762141,7,12.609082
12.095608,7,12.615121
10.536167,6,12.625131
10.612067,6,12.637712
11.979274,7,12.658411
11.55914,7,12.690627
10.140972,6,12.710718
11.831571,7,12.730521
10.667054,6,12.759811
10.884039,6,12.778658
10.249436,6,12.809598
10.809408,6,12.840629
10.043726,6,12.846533
9.779881,6,12.856379
10.90236,6,12.861619
13.097551,8,12.872214
10.082266,6,12.879141
10.280122,6,12.888894
11.74679,7,12.909244
10.856107,6,12.927208
10.360252,6,12.940639
10.046295,6,12.949749
10.508376,6,12.961632
10.096511,6,12.979157
10.888784,6,13.00563
10.138469,6,13.014438
12.107735,7,13.027419
11.65788,7,13.038791
10.995407,7,13.04528
12.098645,7,13.062044
10.537286,6,13.075582
10.215363,6,13.088953
11.816381,7,13.094774
10.809618,6,13.101763
12.092886,7,13.109752
10.32789,6,13.114378
11.480188,7,13.12693
12.142895,7,13.13323
9.456137,6,13.140885
9.677994,6,13.145096
9.880728,6,13.160375
8.905082,5,13.171398
11.936302,7,13.176786
10.476936,6,13.189453
11.9587,7,13.19455
12.091329,7,13.206342
10.473449,6,13.212696
16.032303,9,13.223658
10.280221,6,13.229181
10.563045,6,13.240169
10.353175,6,13.246161
12.091911,7,13.256433
10.89707,6,13.263946
12.221867,7,13.275165
10.412147,6,13.279814
10.156868,6,13.289746
10.827951,6,13.294784
11.671247,7,13.306915
8.871404,5,13.310863
10.694387,6,13.317326
10.445699,6,13.324932
10.877584,6,13.329941
10.731897,6,13.342269
10.866603,6,13.356234
11.996389,7,13.361621
10.172553,6,13.366151
10.780505,6,13.375968
10.122479,6,13.381076
10.501961,6,13.394238
14.474044,8,13.411518
11.303806,7,13.418884
10.843994,6,13.428336
9.07094,5,13.432654
10.607577,6,13.443094
10.463991,6,13.448229
9.113515,5,13.458507
11.890951,7,13.463457
10.886404,6,13.471207
10.788692,6,13.476628
12.065713,7,13.490852
12.023905,7,13.495937
8.977049,5,13.500451
10.124567,6,13.509548
10.485316,6,13.51831
10.831848,6,13.525504
10.316411,6,13.532915
11.958364,7,13.542506
10.62427,6,13.548985
11.92883,7,13.558444
10.566843,6,13.563493
11.744638,7,13.574318
9.560145,6,13.57907
10.515193,6,13.587993
11.714173,7,13.596196
10.438101,6,13.60571
10.019396,6,13.614743
11.993277,7,13.625423
10.224801,6,13.629987
10.946191,6,13.63876
9.772469,6,13.647305
12.945493,7,13.660608
11.926208,7,13.665674
12.049273,7,13.675889
12.31927,7,13.682413
10.225479,6,13.692233
10.777414,6,13.699083
11.283509,7,13.709786
11.774453,7,13.71543
12.089423,7,13.726303
10.714936,6,13.740927
10.771704,6,13.749047
10.590414,6,13.759174
10.355621,6,13.763783
10.729513,6,13.77411
12.001938,7,13.779497
10.911866,6,13.790828
11.814778,7,13.797433
9.519076,6,13.809911
10.847159,6,13.815311
11.888892,7,13.826596
10.16505,6,13.831419
10.791633,6,13.84402
11.96379,7,13.850743
10.919584,6,13.861858
12.100714,7,13.873238
11.782618,7,13.879535
10.917521,6,13.892248
10.652024,6,13.90094
11.965969,7,13.912372
11.659699,7,13.927152
10.355687,6,13.942836
10.415298,6,13.947959
9.952138,6,13.960207
9.180883,5,13.964438
11.641718,7,13.977424
10.003961,6,13.982475
11.885213,7,13.99442
9.031807,5,13.999782
10.550638,6,14.011096
11.933979,7,14.016334
10.179545,6,14.026918
12.145867,7,14.032544
11.823204,7,14.043049
11.876825,7,14.049576
10.438002,6,14.060828
11.560587,7,14.065713
8.889685,5,14.076369
10.730522,6,14.081635
10.903243,6,14.093725
10.526225,6,14.098892
10.77018,6,14.110337
10.528418,6,14.117433
9.018575,5,14.126279
10.407955,6,14.132071
13.621135,8,14.143969
10.555061,6,14.148553
10.997489,6,14.159302
12.134653,7,14.171063
11.779376,7,14.178619
11.630071,7,14.190939
9.560985,6,14.196542
10.743806,6,14.209116
10.178583,6,14.214381
10.75584,6,14.226752
10.007552,6,14.2325
10.691072,6,14.242658
10.936557,6,14.247272
11.945823,7,14.26132
8.946131,5,14.273515
10.863631,6,14.278742
10.860849,6,14.290435
12.27965,7,14.296931
10.627245,6,14.310268
10.865187,6,14.316116
10.896573,6,14.328559
10.20569,6,14.333629
11.80798,7,14.345504
12.039015,7,14.358312
10.649324,6,14.363975
9.681797,6,14.374658
10.442709,6,14.380608
10.634209,6,14.393236
10.269387,6,14.398132
12.113991,7,14.410039
10.888853,6,14.414822
10.160759,6,14.427189
10.929734,6,14.431749
10.181254,6,14.443321
10.263788,6,14.449004
10.783976,6,14.462483
10.891325,6,14.470369
11.303196,7,14.478133
9.993457,6,14.48999
11.974074,7,14.496079
10.680122,6,18.609351
11.994492,7,18.615769
9.974203,6,18.62615
12.503406,7,18.632276
12.030978,7,18.643009
11.070439,7,18.649055
10.321464,6,18.659167
10.93611,6,18.663875
10.418338,6,18.674788
10.650422,6,18.679631
10.20326,6,18.691974
12.023064,7,18.698435
10.503854,6,18.70852
10.710597,6,18.714551
11.871041,7,18.726506
12.934795,7,18.735132
11.929134,7,18.744045
10.787123,6,18.750303
10.791938,6,18.760442
11.924456,7,18.769422
10.706702,6,18.777224
8.90112,5,18.783978
10.298528,6,18.79297
10.8198,6,18.800398
10.065943,6,18.812443
11.673895,7,18.828594
10.161329,6,18.839399
10.591004,6,18.847828
10.82731,6,18.857489
12.102677,7,18.86429
10.248993,6,18.873433
10.404547,6,18.878219
10.844442,6,18.883914
10.367459,6,18.893084
10.114567,6,18.897472
10.927851,6,18.905097
10.275878,6,18.910678
10.302991,6,18.915888
11.610076,7,18.925567
10.716914,6,18.932321
9.988035,6,18.942348
10.866333,6,18.947835
10.901404,6,18.958153
9.930513,6,18.965092
10.186183,6,18.976155
11.789928,7,18.984719
10.622089,6,18.996199
10.830517,6,19.00752
10.509677,6,19.0133
10.896238,6,19.024819
9.094675,5,19.029074
10.575268,6,19.034023
11.726044,7,19.045575
10.546944,6,19.052987
10.171216,6,19.062363
10.510968,6,19.068048
12.323448,7,19.079649
10.475679,6,19.09103
10.755266,6,19.099092
12.025799,7,19.111487
10.658587,6,19.117095
12.829163,7,19.128704
10.891132,6,19.139885
12.067715,7,19.146111
10.445508,6,19.158087
10.871299,6,19.165837
10.839615,6,19.173895
11.827676,7,19.180035
12.172664,7,19.19493
10.893565,6,19.206835
10.491947,6,19.213962
10.138475,6,19.226148
10.75751,6,19.231633
10.862069,6,19.242552
10.230092,6,19.247772
9.932482,6,19.26211
10.236216,6,19.27371
10.865715,6,19.280934
10.798449,6,19.291027
11.972908,7,19.300086
10.905094,6,19.313815
10.921401,6,19.327642
10.37331,6,19.332888
10.388087,6,19.347679
9.979595,6,19.362943
11.595296,7,19.370582
12.046892,7,19.380225
9.963626,6,19.388734
10.87984,6,19.394859
10.802476,6,19.5428
10.48438,6,19.548809
10.692738,6,19.559549
11.74851,7,19.569485
12.241954,7,19.582411
9.37315,6,19.598922
10.148983,6,19.615439
12.03717,7,19.633468
10.524324,6,19.649089
10.845688,6,19.66573
10.645431,6,19.679685
12.151267,7,19.689745
10.804073,6,19.697357
11.545143,7,19.707918
10.189763,6,19.715481
11.909743,7,19.728488
10.590182,6,19.74228
10.763856,6,19.750485
11.934674,7,19.763523
10.47126,6,19.777826
8.910613,5,19.790009
10.176628,6,19.80418
12.806269,7,19.817694
10.163377,6,19.833083
10.323731,6,19.849041
11.785309,7,19.864743
10.886803,6,19.877223
10.385587,6,19.891189
12.111397,7,19.906876
10.203822,6,19.918599
10.760696,6,19.934178
9.919704,6,19.947179
8.820846,5,19.960571
10.421457,6,19.978589
12.149523,7,19.996892
10.367274,6,20.011225
10.436812,6,20.026874
12.134649,7,20.044071
10.174761,6,20.057913
10.148595,6,20.067128
11.938335,7,20.08139
10.29086,6,20.094276
10.762851,6,20.112564
10.423802,6,20.129059
10.128856,6,20.144186
9.55066,6,20.160361
10.340628,6,20.175813
11.722785,7,20.197032
9.730639,6,20.210082
10.899103,6,20.224901
9.587633,6,20.233713
10.890235,6,20.2463
10.658476,7,20.260345
11.961498,7,20.276786
10.337012,6,20.283514
11.918303,7,20.295066
10.526139,6,20.29925
10.359232,6,20.309169
12.188552,7,20.320026
10.247343,6,20.327156
11.764214,7,20.332376
10.601675,6,20.341863
10.650326,6,20.348205
10.624628,6,20.359383
8.93202,5,20.364221
10.773777,6,20.377005
10.812429,6,20.382465
11.901574,7,20.393076
10.449744,6,20.39737
9.922723,6,20.406552
11.300493,7,20.412314
9.939551,6,20.417476
10.824338,6,20.428067
10.38686,6,20.433965
10.370451,6,20.444765
10.660787,6,20.454341
10.047644,6,20.460388
10.846896,6,20.474248
9.986907,6,20.480792
10.935121,6,20.49417
10.591287,6,20.500468
12.091707,7,20.511169
10.876701,6,20.516498
10.205261,6,20.526862
10.256114,6,20.532871
11.923107,7,20.545929
11.854628,7,20.55881
10.85579,6,20.566163
10.855156,6,20.579072
10.652922,6,20.591064
11.930011,7,20.598287
10.278862,6,20.609958
12.083085,7,20.617782
9.97372,6,20.628216
10.196814,6,20.635181
10.661885,6,20.643852
11.799342,7,20.658545
10.855067,6,20.668142
10.609821,6,20.678702
10.370451,6,20.690615
10.541081,6,20.69752
9.95606,6,20.708243
11.784303,7,20.714395
10.778617,6,20.723974
10.760849,6,20.731518
10.830221,6,20.743233
10.15344,6,20.758557
10.934162,6,20.767369
10.203238,6,20.778255
11.923808,7,20.784081
11.153569,7,20.793383
10.256842,6,20.797418
8.973631,5,20.800373
10.716582,6,20.809158
10.504805,6,20.820492
10.612759,6,20.828517
10.881427,6,20.840809
10.863073,6,20.849291
10.598624,6,20.864397
11.793698,7,20.884392
10.810333,6,20.899284
10.475523,6,20.910885
10.239442,6,20.92313
12.039012,7,20.933477
10.819913,6,20.943914
10.411261,6,20.950483
11.776857,7,20.962634
11.917012,7,20.976956
10.784516,6,20.987798
11.74084,7,21.00602
9.805988,6,21.017204
12.047532,7,21.029769
8.845032,5,21.037864
10.287482,6,21.047282
10.611517,6,21.061364
10.734923,6,21.076179
10.154506,6,21.092809
11.983651,7,21.109974
11.397539,7,21.127026
10.850876,6,21.14251
10.578205,6,21.156728
10.754586,6,21.167864
10.212654,6,21.184138
11.947292,7,21.199652
10.878301,6,21.214421
10.574984,6,21.227981
10.891463,6,21.242144
9.057237,5,21.250735
10.848117,6,21.265792
10.550156,6,21.281876
9.949884,6,21.295398
10.423242,6,21.307106
10.594711,6,21.315085
10.806986,6,21.329448
10.532999,6,21.344081
11.786866,7,21.361207
11.91143,7,21.377012
10.795721,6,21.3918
10.821379,6,21.399959
9.024062,5,21.409555
10.334587,6,21.415144
11.744049,7,21.427856
11.011629,6,21.436577
12.025457,7,21.446893
10.867281,6,21.459308
16.475118,10,21.47555
10.699018,7,21.485456
10.305857,6,21.499304
10.28726,6,21.509154
10.132358,6,21.517054
10.812624,6,21.528052
11.883464,7,21.540283
12.111165,7,21.550166
10.037022,6,21.56138
10.347919,6,21.568884
9.839088,6,21.577693
10.120406,6,21.584078
10.831584,6,21.595069
9.885134,6,21.602782
9.090393,5,21.612289
10.964018,6,21.619627
10.306117,6,21.629811
9.661511,6,21.642046
9.657825,6,21.650112
10.861251,6,21.662528
11.945936,7,21.674212
10.255955,6,21.681641
12.178072,7,21.692029
12.116738,7,21.699865
12.043897,7,21.710976
10.335647,6,21.717384
10.461845,6,21.727486
10.794165,6,21.73469
10.066797,6,21.743902
11.874412,7,21.751024
10.444947,6,21.761068
10.734101,6,21.766253
10.872778,6,21.776677
10.538645,6,21.783497
10.501374,6,21.792673
11.012534,6,21.79923
10.265133,6,21.808675
10.416454,6,21.816369
10.39973,6,21.828212
10.117288,6,21.836096
10.500225,6,21.843085
11.893064,7,21.849086
9.61347,6,21.860992
12.531943,7,21.867529
10.509378,6,21.877702
10.681214,6,21.883428
10.314083,6,21.895341
10.37923,6,21.904639
11.921337,7,21.915629
11.953665,7,21.928673
10.817731,6,21.939403
10.596576,6,21.949574
12.019226,7,21.962501
10.848683,6,21.970182
10.04725,6,21.98354
9.939632,6,21.998909
11.963362,7,22.013573
11.688722,7,22.029625
10.48581,6,22.044754
9.586563,6,22.059109
9.831348,6,22.072538
10.35258,6,22.084424
11.711727,7,22.107426
10.551291,6,22.119324
10.863743,6,22.134641
10.855614,6,22.146013
10.082853,6,22.160139
10.665629,6,22.17356
10.759734,6,22.180323
10.905118,6,22.192971
10.333783,6,22.209463
10.79348,6,22.22274
10.916067,6,22.234524
10.162793,6,22.248435
10.727078,6,22.260833
10.794549,6,24.022276
10.283402,6,24.030951
10.639782,6,24.038732
10.8387,6,24.04604
10.889026,6,24.051156
10.675934,6,24.061131
10.117409,6,24.065224
10.736012,6,24.068818
10.158537,6,24.078095
10.796399,7,24.08291
10.528219,6,24.092594
10.221531,6,24.097355
10.550955,6,24.103258
10.877137,6,24.111858
10.761324,6,24.118047
11.828237,7,24.128052
9.505457,6,24.136285
11.961845,7,24.146624
10.435261,6,24.158206
10.596575,6,24.164854
10.971975,6,24.175375
13.036857,8,24.189219
11.953823,7,24.198008
10.413809,6,24.207456
17.85959,10,24.219879
10.177732,6,24.230466
10.338001,6,24.245152
11.988494,7,24.264198
9.608361,6,24.276773
10.597489,6,24.285163
10.65289,6,24.297403
12.104196,7,24.307769
9.968047,6,24.314377
9.986319,6,24.325217
10.557202,6,24.333951
9.042266,5,24.344129
10.173469,6,24.349277
13.884361,8,24.361736
11.654366,7,24.36676
11.952078,7,24.377609
11.971227,7,24.382423
12.058793,7,24.392641
10.095859,6,24.397746
10.756991,6,24.408401
10.921655,6,24.414852
9.993367,6,24.425861
10.860585,6,24.431601
10.893202,6,24.438835
10.897902,6,24.447443
10.844404,6,24.453122
10.342013,6,24.464103
10.268587,6,24.479608
10.041221,6,24.494003
10.341157,6,24.502199
9.914041,6,24.510499
11.996137,7,24.518961
10.784809,6,24.529033
11.894568,7,24.536225
12.024784,7,24.54839
10.801444,6,24.55796
10.815916,6,24.563177
12.096623,7,24.569061
11.447012,7,24.579343
9.115082,5,24.585068
12.228367,7,24.59744
10.112415,6,24.609009
10.829328,6,24.614609
10.904638,6,24.624823
10.609254,6,24.629997
10.684445,6,24.634646
10.814556,6,24.644968
12.073677,7,24.651469
10.81583,6,24.660768
10.248405,6,24.667413
10.356322,6,24.677851
10.276726,6,24.685482
10.885256,6,24.695968
10.739748,6,24.708513
10.415799,6,24.7155
12.490248,7,24.72877
10.963703,6,24.737171
10.478238,6,24.747694
10.241255,6,24.752971
10.889197,6,24.761903
10.905264,6,24.766342
10.535857,6,24.776179
10.474299,6,24.783587
10.750516,6,24.796562
10.933033,6,24.802186
10.171762,6,24.813282
10.123828,6,24.818516
12.038474,7,24.830041
10.379197,6,24.834303
10.169799,6,24.844213
11.932797,7,24.849086
9.75438,6,24.858731
11.850199,7,24.872341
12.061489,7,24.885394
10.208449,6,24.898134
10.345204,6,24.912537
9.963568,6,24.919084
10.937222,6,24.930634
11.536575,7,24.940617
10.223393,6,24.957083
10.238793,6,24.967895
9.758001,6,24.984616
10.705031,6,25.004123
12.091725,7,25.041405
10.826457,6,25.063932
10.90365,6,25.094136
10.923357,6,25.116944
10.882577,6,25.13559
10.372159,6,25.149894
9.907543,6,25.166998
10.038896,6,25.189043
10.713402,6,25.212431
10.788346,6,25.234344
10.86499,6,25.263723
11.925476,7,25.281004
9.948819,6,25.292442
10.865669,6,25.305985
10.872056,6,25.317578
10.688526,6,25.344657
12.008284,7,25.351058
10.350461,6,25.36118
10.518443,6,25.365553
12.079904,7,25.372308
10.533458,6,25.378175
10.436002,6,25.382262
10.086724,6,25.390369
12.003244,7,25.395883
10.989733,6,25.399547
16.014649,9,25.410175
10.024487,6,25.415197
10.367724,6,25.420208
11.693143,7,25.429394
10.600753,6,25.435338
9.98719,6,25.444885
10.071955,6,25.451225
10.144307,6,25.461468
10.917857,6,25.466318
10.71367,7,25.478736
10.660618,6,25.484295
12.005811,7,25.493303
8.979653,5,25.497221
10.112506,6,25.500862
11.629048,7,25.507848
11.805653,7,25.513839
10.128251,6,25.518229
11.128496,7,25.527655
10.811376,6,25.533345
10.07732,6,25.542406
12.168576,7,25.547349
10.003118,6,25.551284
10.871571,6,25.56132
12.037367,7,25.568565
12.067785,7,25.584156
10.36374,6,25.595419
12.303809,7,25.608632
10.045785,6,25.618253
10.222799,6,25.632108
11.929775,7,25.64855
10.354577,6,25.663902
11.910307,7,25.682193
10.717222,6,25.698032
12.016651,7,25.71193
10.888885,6,25.720112
10.276505,6,25.734544
10.242324,6,25.747817
10.00052,6,25.760446
10.561763,6,25.767766
10.955006,6,25.777597
9.547507,6,25.787534
10.239451,6,25.799001
10.862688,6,25.812441
11.377363,7,25.827676
11.730765,7,25.844046
10.253447,6,25.853193
10.108038,6,25.866426
9.005933,5,25.877747
11.759503,7,25.896207
10.04717,6,25.910826
11.92463,7,25.919534
10.841697,6,25.929835
10.137957,6,25.945273
10.67045,6,25.962096
10.897068,6,25.978765
10.882929,6,25.994576
11.819944,7,26.003095
11.937626,7,26.015104
10.349881,6,26.026799
9.986849,6,26.039381
11.728408,7,26.052588
10.379596,6,26.066768
10.216007,6,26.082067
10.449298,6,26.095075
10.078283,6,26.110608
10.593878,6,26.128044
10.869439,6,26.14293
9.653468,6,26.153371
11.902128,7,26.164546
12.12785,7,26.177952
10.703431,6,26.184944
10.821751,6,26.19331
12.13629,7,26.199816
10.215955,6,26.209206
10.842711,6,26.218006
11.723619,7,26.231189
10.62764,6,26.236756
10.604988,6,26.246828
11.336613,7,26.251228
10.264158,6,26.265686
10.551938,6,26.27441
10.045113,6,26.285159
9.563448,6,26.297604
13.324358,8,26.312561
11.874747,7,26.318631
10.705237,6,26.328915
11.696049,7,26.334002
11.628878,7,26.34207
10.688363,6,26.34903
9.876161,6,26.359834
10.779212,6,26.366783
10.886741,6,26.377202
9.995899,6,26.400489
9.921331,6,26.420476
8.943323,5,26.430714
10.374756,6,26.4478
10.155708,6,26.4653
10.756979,6,26.494305
9.078679,5,26.512897
10.113355,6,26.52119
10.752583,6,26.530513
9.079834,5,26.534562
9.010925,5,26.549439
10.866565,6,26.568682
10.60906,6,26.579334
11.963501,7,26.584347
12.099319,7,26.593731
9.079293,5,26.599184
9.720334,6,26.603316
10.239045,6,26.614692
9.06861,5,26.61825
9.133725,5,26.627591
10.862118,6,26.632532
10.779705,6,26.636222
10.193868,6,26.651052
9.103226,5,26.663541
12.23047,7,26.668453
11.782484,7,26.681654
10.884153,6,26.691369
10.387784,6,26.698036
10.899221,6,26.703223
10.828933,6,26.713598
10.111472,6,26.717514
10.9046,6,26.726471
12.176725,7,26.732685
10.220438,6,26.744502
12.129063,7,26.749599
10.760456,6,26.754633
10.48704,6,26.765649
10.677809,6,26.769892
10.262263,6,26.782886
12.062679,7,26.790665
12.172736,7,26.797755
9.613738,6,26.801931
10.512907,6,26.81058
9.947656,6,26.81653
10.408351,6,26.828181
10.579029,6,26.833144
8.801007,5,26.836522
10.03336,6,26.84728
11.989112,7,26.852003
9.862818,6,26.863175
10.874958,6,26.870781
10.372683,6,26.881008
10.744835,6,26.887877
12.807313,8,26.901868
10.684851,6,26.913934
10.14759,6,26.926745
11.955473,7,26.936377
10.856905,6,26.948926
9.951287,6,26.96302
9.941284,6,26.968528
11.866364,7,26.978784
11.993381,7,26.985142
10.468171,6,26.995003
10.856545,6,26.999578
10.424516,6,27.010018
12.080567,7,27.017496
10.685726,6,27.02752
12.002479,7,27.033019
12.485928,7,27.042567
9.351481,6,27.047951
10.360062,6,27.052686
9.024646,5,27.063024
9.729381,6,27.067968
10.148478,6,27.079733
10.777044,6,27.084537
10.619823,6,27.093597
10.751408,6,27.098724
9.972536,6,27.104231
10.005846,6,27.113039
11.989847,7,27.11898
11.968068,7,27.131239
9.991151,6,27.14383
12.065917,7,27.152191
10.79736,6,27.166877
10.089516,6,27.176809
12.529976,7,27.184549
10.629947,6,27.192882
10.554804,6,27.198767
11.939503,7,27.205684
11.633324,7,27.216166
12.034341,7,27.227169
10.187181,6,27.232311
10.486314,6,27.236965
10.876601,6,27.246629
10.168047,6,27.250761
12.043192,7,27.267963
10.103252,6,27.280678
12.019445,7,27.295469
13.405445,8,27.315584
12.130144,7,27.330945
10.50953,6,27.344102
11.728192,7,27.352269
10.51998,6,27.36326
8.86974,5,29.068572
10.76167,6,29.081365
10.742959,6,29.085302
11.599317,7,29.094898
10.572102,6,29.098847
9.97898,6,29.103182
12.010148,7,29.111749
10.721813,6,29.115505
10.766412,6,29.121099
12.061532,7,29.129654
10.361099,6,29.133744
10.775553,6,29.139649
11.727342,7,29.14669
12.322767,7,29.15102
10.56524,6,29.156932
9.847539,6,29.16635
10.16286,6,29.177907
10.177595,6,29.184285
10.745077,6,29.193274
10.588085,6,29.202942
10.91777,6,29.215257
12.087164,7,29.226788
12.134839,7,29.234875
15.403057,9,29.250896
12.044475,7,29.262942
9.05349,5,29.271125
10.802467,6,29.282201
10.304069,6,29.29128
10.915719,6,29.296523
12.068545,7,29.307674
10.981062,6,29.313418
9.901752,6,29.321814
12.97937,8,29.330831
11.960919,7,29.337279
10.474574,6,29.34647
10.670473,6,29.351284
9.836669,6,29.360338
10.487415,6,29.367515
12.160779,7,29.377735
10.963478,6,29.382663
12.287304,7,29.386872
12.02989,7,29.395508
11.698621,7,29.406954
10.088735,6,29.413202
10.748994,6,29.417129
10.884422,6,29.420822
10.807582,7,29.430932
11.971928,7,29.435179
11.768746,7,29.44346
12.44377,7,29.449282
10.454254,6,29.453263
10.124949,6,29.462055
10.033664,6,29.466696
12.001185,7,29.470991
12.095073,7,29.480479
10.76093,6,29.495205
10.816656,6,29.500271
11.985762,7,29.511586
10.773767,6,29.516409
10.744749,6,29.520229
9.003866,5,29.53228
10.839499,6,29.536882
10.565512,6,29.546204
11.782489,7,29.552911
10.166587,6,29.562375
10.608397,6,29.567921
10.471401,6,29.577822
12.19203,7,29.583178
10.161983,6,29.587416
11.981723,7,29.598663
11.855539,7,29.60381
10.850894,6,29.613755
10.81415,6,29.619365
10.084774,6,29.630311
9.882555,6,29.635563
9.561528,6,29.646317
10.722311,7,29.651826
12.092645,7,29.660003
10.838375,6,29.665249
12.16441,7,29.669858
11.775064,7,29.679857
10.387957,6,29.69106
11.698573,7,29.698098
10.851849,6,29.703421
10.177854,6,29.714124
10.260379,6,29.72148
10.839045,6,29.729307
10.220497,6,29.735302
12.091343,7,29.74458
10.575738,6,29.749035
10.731277,6,29.752885
10.814434,6,29.761826
11.330967,7,29.767623
11.977809,7,29.77694
10.802287,6,29.782936
10.521937,6,29.78737
10.00229,6,29.796644
12.210904,7,29.801766
10.924785,7,29.811637
11.960529,7,29.81654
10.259925,6,29.820716
12.107278,7,29.829729
10.284055,6,29.83408
10.851104,6,29.837856
8.98346,5,29.846806
11.083919,7,29.854294
12.039076,7,29.866
10.4226,6,29.875217
10.886252,6,29.882493
12.390832,7,29.89044
10.822343,6,29.898177
9.059138,5,29.903888
10.906831,6,29.914541
10.13633,6,29.922671
11.613168,7,29.932802
10.857696,6,29.940657
10.817265,6,29.948427
12.089466,7,29.957529
10.874921,6,29.96535
11.867668,7,29.977309
9.914038,6,29.982905
10.853475,6,29.987716
10.207422,6,29.997375
10.096666,6,30.003231
10.244811,6,30.012227
10.816246,6,30.016408
8.941385,5,30.019741
11.943712,7,30.02916
9.998216,6,30.033897
12.021279,7,30.040415
10.145771,6,30.048139
10.151028,6,30.052882
9.68706,6,30.061238
10.885058,6,30.06577
12.166106,7,30.070132
12.119371,7,30.079645
11.842987,7,30.084291
12.106891,7,30.095342
11.580108,7,30.100153
12.140254,7,30.111859
10.405786,6,30.116328
10.680165,6,30.121125
11.944643,7,30.13009
10.413882,6,30.135036
10.575002,6,30.142341
9.72206,6,30.14765
10.502473,6,30.153669
10.680879,6,30.162962
10.657911,6,30.168276
10.37041,6,30.177185
10.232269,6,30.181503
10.312166,6,30.186379
10.020424,6,30.197076
10.822752,6,30.201463
10.992453,6,30.206418
11.739391,7,30.213938
12.091017,7,30.218545
10.349874,6,30.226202
10.157291,6,30.231319
10.632644,6,30.23545
11.645587,7,30.243986
10.851138,6,30.24831
10.796324,6,30.252148
10.59458,6,30.260194
12.021616,7,30.26544
10.882367,6,30.27761
10.822393,6,30.282059
9.975006,6,30.286034
9.028664,5,30.294444
9.741823,6,30.299025
10.749264,6,30.302929
10.694477,6,30.312375
10.112947,6,30.317138
12.071655,7,30.322991
10.912026,7,30.331217
10.513698,6,30.335638
9.062827,5,30.340012
10.617337,6,30.346985
9.934698,6,30.351104
10.185547,6,30.355442
10.939628,6,30.366203
10.859186,6,30.377743
10.35165,6,30.382477
10.203429,6,30.386101
10.832539,6,30.395569
10.826809,6,30.399785
10.098021,6,30.404243
10.66667,6,30.413307
10.259463,6,30.418677
9.069174,5,30.425477
10.283785,6,30.431527
11.11328,6,30.435996
10.78859,6,30.444786
10.658805,6,30.449776
13.836731,8,30.456851
11.379376,7,30.46547
9.616383,6,30.469648
10.106419,6,30.479412
10.899539,6,30.483751
11.738066,7,30.492206
10.67011,6,30.501276
8.957963,5,30.510871
10.281881,6,30.515953
10.850721,6,30.519798
10.699897,6,30.529474
10.817726,6,30.533714
10.909975,6,30.537741
8.919636,5,30.545773
10.508192,6,30.554907
10.079749,6,30.563298
10.78886,6,30.567337
12.795724,8,30.57661
10.775887,6,30.581603
9.208043,5,30.585984
10.576216,6,30.594661
10.437587,6,30.599186
10.950958,6,30.603688
10.42203,6,30.613091
10.406422,6,30.618461
10.855638,6,30.625696
11.971024,7,30.631544
11.707687,7,30.636953
16.927336,10,30.647323
10.653477,6,30.651731
10.910209,6,30.66034
12.424842,7,30.6656
12.017414,7,30.67131
10.111652,6,30.68074
10.92528,6,30.687227
12.035003,7,30.696433
10.494592,6,30.701997
12.111189,7,30.713107
10.43391,6,30.719057
11.927698,7,30.729391
10.574118,6,30.73439
10.576846,6,30.740498
9.687754,6,30.748349
9.784703,6,30.753661
10.830601,6,30.763007
10.911645,6,30.76719
10.425959,6,30.770849
12.893054,7,30.780643
12.08408,7,30.786145
10.790614,6,30.795494
12.085413,7,30.800649
10.919915,6,30.804984
9.956049,6,30.813749
10.397888,6,30.817916
9.917755,6,30.823744
11.919986,7,30.831079
10.796726,6,30.836718
9.946952,6,30.846209
17.858386,11,30.852735
10.328652,6,30.860331
10.658929,6,30.864826
10.469319,6,30.871134
10.270255,6,30.882025
10.291342,6,30.887895
12.03771,7,30.896881
10.925551,6,30.900968
10.886645,6,30.904889
10.589839,6,30.914335
10.041248,6,30.919333
11.942019,7,30.928823
11.93732,7,30.934339
10.499821,6,30.938447
10.416376,6,30.950537
10.641724,6,30.960186
10.601978,6,30.965113
10.028942,6,30.969836
11.880155,7,30.980465
10.586279,6,30.985137
10.770767,6,30.994399
10.125889,6,30.998976
10.651177,6,31.003221
11.841323,7,31.013752
10.82533,6,31.019829
11.661426,7,31.030573
9.840153,6,31.035045
11.63297,7,31.044792
12.091846,7,31.050168
10.875735,6,31.055194
10.888661,6,31.062754
10.307955,6,31.066789
10.175168,6,31.070539
11.902843,7,31.079685
10.742745,6,31.08402
10.874004,6,31.087858
10.681875,6,31.095888
12.007879,7,31.10912
10.770947,6,31.114326
9.610501,6,31.118342
9.919096,6,31.122457
9.107792,5,31.132633
11.890598,7,31.140846
10.690702,6,31.149036
10.150905,6,31.154107
11.952886,7,31.163725
11.96277,7,31.168733
10.874465,6,31.17839
12.74935,7,31.183556
9.003296,5,31.187008
12.02155,7,31.199556
10.663854,6,31.210685
11.438236,7,31.215532
10.480078,6,31.219361
10.08512,6,31.228659
11.952887,7,31.233682
11.000629,6,31.237705
10.042658,6,31.246372
12.08662,7,31.254353
10.235054,6,31.263922
10.832915,6,31.268395
10.838638,6,31.273723
10.840369,6,31.280198
10.976092,7,31.284725
10.610127,6,31.289528
9.951764,6,31.297534
12.373601,7,31.302594
10.092892,6,31.311964
10.571932,6,31.316663
10.327719,6,31.320564
9.52787,6,31.329303
10.155699,6,31.334326
9.661148,6,31.339925
10.763906,6,31.347445
10.86075,6,33.062384
12.026484,7,33.067261
10.31059,6,33.073516
10.474268,6,33.080157
10.826168,6,33.084911
10.683721,6,33.089586
11.993243,7,33.096991
10.011325,6,33.102067
12.166239,7,33.112412
10.332406,6,33.117242
12.046274,7,33.128003
11.93711,7,33.135586
11.843457,7,33.147206
10.885844,6,33.153205
9.946566,6,33.163188
10.863302,6,33.175443
10.931246,6,33.186877
16.497112,9,33.208673
11.699392,7,33.225745
10.437538,6,33.235654
10.755085,6,33.2499
10.975108,6,33.265067
8.954174,5,33.27825
10.178419,6,33.290925
10.108776,6,33.299115
12.067847,7,33.309324
10.780687,6,33.314781
10.222461,6,33.322051
10.748768,6,33.331996
10.083796,6,33.338419
9.005043,5,33.346765
12.218328,7,33.351767
10.91052,6,33.358835
10.824522,6,33.364804
11.911957,7,33.370023
13.242797,8,33.38029
10.281207,6,33.392542
11.966658,7,33.401127
12.074108,7,33.412968
10.761747,6,33.419048
10.101646,6,33.428845
9.127919,5,33.433811
10.124159,6,33.43857
10.878541,6,33.446795
12.104911,7,33.451734
10.808688,6,33.456231
12.134704,7,33.466042
10.127286,6,33.47159
10.832764,6,33.480264
10.739011,6,33.485534
9.833954,6,33.496432
10.113429,6,33.50402
10.389817,6,33.514721
10.737386,6,33.522593
10.811036,6,33.533667
11.441993,7,33.544838
10.920456,6,33.552285
12.153861,7,33.563854
10.046723,6,33.571365
10.342691,6,33.579977
10.400612,6,33.589332
10.854849,6,33.599852
11.351894,7,33.610906
10.822055,6,33.616346
10.826976,6,33.621333
10.820662,6,33.629358
8.878763,5,33.63376
10.89953,6,33.639457
12.111605,7,33.647827
11.998114,7,33.653541
10.053987,6,33.664552
10.010527,6,33.676389
10.835911,6,33.681686
10.00244,6,33.687657
10.303611,6,33.697601
14.356061,8,33.705191
10.618277,6,33.714259
9.077766,5,33.719514
10.889601,6,33.730432
16.541429,9,33.738483
9.97605,6,33.747477
10.751203,6,33.759054
11.404312,7,33.765436
10.929859,6,33.770559
10.094754,6,33.781219
11.123667,6,33.787167
10.10283,6,33.796693
10.471762,6,33.802917
10.784506,6,33.81196
12.667558,7,33.819975
11.991951,7,33.830236
10.500285,6,33.836936
10.364983,6,33.846573
10.590361,6,33.851861
12.914503,8,33.861079
10.183421,6,33.86743
10.198081,6,33.871696
12.012751,7,33.882383
10.80728,6,33.89077
9.540475,6,33.899877
10.822574,6,33.905205
11.005588,6,33.915367
10.542982,6,33.923962
10.8527,6,33.932757
10.763356,6,33.937649
10.442317,6,33.946887
11.947568,7,33.952919
10.344074,6,33.963028
11.746649,7,33.967864
10.462216,6,33.980315
9.564258,6,33.984873
12.03855,7,33.996498
10.639374,6,34.001441
10.442212,6,34.008377
10.30051,6,34.016521
9.41959,6,34.025971
9.080084,5,34.032271
10.179375,6,34.038517
10.473992,6,34.046577
12.677071,7,34.054852
10.389596,6,34.064256
10.143961,6,34.070797
10.774793,6,34.080266
10.502639,6,34.084671
10.245582,6,34.088622
21.833734,12,34.104256
14.170573,8,34.114484
10.845754,6,34.119609
10.440014,6,34.129091
10.843724,6,34.13359
10.771247,6,34.138933
10.00201,6,34.147202
10.921818,6,34.152315
10.417107,6,34.158564
10.40304,6,34.164823
10.536583,6,34.168959
9.937335,6,34.179199
9.648898,6,34.185093
10.26108,6,34.195129
10.867369,6,34.200366
10.036215,6,34.206268
10.859136,6,34.215672
11.963769,7,34.220879
10.251545,6,34.230139
11.698724,7,34.236077
12.012819,7,34.246013
11.94069,7,34.253971
10.240845,6,34.263491
12.022852,7,34.270253
10.485693,6,34.279517
10.328926,6,34.285129
10.446649,6,34.290988
10.773225,6,34.298295
12.120182,7,34.304931
9.993454,6,34.313822
10.75463,6,34.318135
10.899928,6,34.325948
10.147936,6,34.331605
11.747932,7,34.336134
10.81494,6,34.345924
10.43975,6,34.350854
11.757039,7,34.357895
9.959424,6,34.364991
10.684929,6,34.371502
10.236273,6,34.379785
12.167875,7,34.385864
11.918511,7,34.39535
12.080221,7,34.400727
10.022995,6,34.405763
10.165841,6,34.413874
10.081687,6,34.418045
10.761205,6,34.422716
10.885217,6,34.430501
9.680238,6,34.43539
10.147223,6,34.444836
11.928192,7,34.450403
10.557193,6,34.455695
10.702267,6,34.464266
10.486847,6,34.468797
10.803999,6,34.477401
11.968085,7,34.484069
10.086763,6,34.496374
9.877939,6,34.501044
9.697589,6,34.507004
11.962572,7,34.51504
10.592427,6,34.519406
9.983109,6,34.530109
11.932194,7,34.535017
10.791823,6,34.544744
11.931832,7,34.553234
10.774151,6,34.564443
10.337519,6,34.569905
8.926284,5,34.579608
12.022093,7,34.587879
10.81663,6,34.597618
11.809337,7,34.608027
10.301252,6,34.617145
10.497082,6,34.628649
9.940215,6,34.63574
10.483815,6,34.647254
10.434503,6,34.657475
10.622522,6,34.665975
10.603977,6,34.670777
12.154468,7,34.680359
11.943955,7,34.685201
9.643116,6,34.689748
10.893796,6,34.697455
9.925821,6,34.702256
10.689277,6,34.711607
11.880479,7,34.716841
11.063983,7,34.728145
10.867472,6,34.732976
11.90983,7,34.739158
10.436064,6,34.749038
10.237588,6,34.755161
11.665772,7,34.766023
11.850066,7,34.777412
10.463564,6,34.782572
11.830056,7,34.795815
10.072798,6,34.802793
10.817242,6,34.814092
11.927438,7,34.82181
10.995754,6,34.830341
13.169425,8,34.838229
10.604418,6,34.848391
10.538073,6,34.861378
12.492216,8,34.874128
10.768115,6,34.881941
10.877714,6,34.887571
12.051869,7,34.897941
11.705716,7,34.905214
10.856902,6,34.915961
8.885771,5,34.923842
10.264819,6,34.931409
11.620281,7,34.938676
10.89316,6,34.951281
10.838865,6,34.964516
10.479568,6,34.971456
12.18988,7,34.983937
10.612462,6,34.997705
10.150473,6,35.004839
10.4978,6,35.018848
10.36365,6,35.036075
11.944337,7,35.052157
9.924461,6,35.065868
11.778513,7,35.082654
9.601292,6,35.101833
10.306137,6,35.121821
10.745779,6,35.138038
12.312596,7,35.167434
10.855517,6,35.190891
10.003225,6,35.220072
10.756742,6,35.233375
10.530317,6,35.246892
11.958777,7,35.266572
10.458479,6,35.285595
10.486732,6,35.305409
9.88881,6,35.328931
10.811311,6,35.337119
10.400194,6,35.347213
10.169004,6,35.353621
10.542996,6,35.363475
10.277593,6,35.367947
10.164828,6,35.376206
14.269883,8,35.382666
11.720331,7,35.386855
10.471695,6,35.395691
12.124072,7,35.404182
10.643,6,35.414587
10.793413,6,35.41926
10.301434,6,35.428524
11.663972,7,35.434752
10.576064,6,35.444719
8.888437,5,35.449474
8.825378,5,35.453091
10.423064,6,35.462678
12.459792,7,35.468057
10.935374,6,35.477858
8.888784,5,35.483235
11.505697,7,35.488136
12.475148,7,35.49918
11.975714,7,35.50524
10.119207,6,35.516188
11.827761,7,35.521155
10.692836,6,35.531522
10.797994,6,35.53668
10.554161,6,35.545846
12.071667,7,35.550859
10.085602,6,35.554798
16.069637,9,35.565841
8.952451,5,35.569909
10.249475,6,35.580457
10.218715,6,35.585342
10.837333,6,35.592383
10.229881,6,35.598284
10.309699,6,35.602641
11.9371,7,35.61004
10.779701,6,35.620903
9.02684,5,35.631408
10.859058,6,35.638388
10.871121,6,35.650469
10.886276,6,35.663732
12.008555,7,35.677975
11.92983,7,35.68743
12.03674,7,35.698264
10.088385,6,35.705783
11.814421,7,35.717493
10.726677,6,35.728312
10.400246,6,35.734416
10.895403,6,35.738777
9.532844,6,35.747647
10.734519,6,35.752593
9.01441,5,35.760102
10.247435,6,35.765329
10.018722,6,35.781185
9.99162,6,35.786314
10.877945,6,35.795945
10.199371,6,35.802445
9.907363,6,35.81286
10.909789,6,35.818311
10.091988,6,35.827657
10.164898,6,35.833103
9.757819,6,35.837564
11.872703,7,35.847655
13.138944,8,35.853881
10.49389,6,37.758015
10.673314,6,37.766134
11.917788,7,37.770898
9.67346,6,37.78397
11.936048,7,37.79272
10.85964,6,37.798993
10.663018,6,37.803689
10.761004,6,37.814288
9.933733,6,37.819001
10.355291,6,37.828284
10.300761,6,37.8366
14.018228,8,37.848159
10.133909,6,37.852382
10.168514,6,37.862328
11.990383,7,37.867794
10.325253,6,37.875386
10.921569,7,37.881899
10.022274,6,37.888505
11.10049,7,37.898109
9.97317,6,37.904847
9.890097,6,37.916396
12.194464,7,37.929858
12.083571,7,37.935895
10.572239,6,37.946934
9.989311,6,37.959562
10.566635,6,37.967131
12.060718,7,37.971834
12.01552,7,37.982479
10.850041,6,37.988917
12.006047,7,37.999544
10.71191,6,38.004744
10.155019,6,38.014258
10.448445,6,38.019912
10.232367,6,38.028919
10.46731,6,38.035096
9.523017,6,38.04322
10.772475,6,38.048753
10.191165,6,38.053559
11.392037,7,38.063803
10.912991,6,38.067838
10.126894,6,38.08709
10.923672,6,38.100123
10.772227,6,38.115941
10.755918,6,38.123846
9.799892,6,38.130031
10.514624,6,38.137078
12.159176,7,38.146356
9.35317,6,38.151203
11.91432,7,38.158553
10.847616,6,38.164498
9.023255,5,38.169581
10.055546,6,38.178298
10.410295,6,38.183056
10.240584,6,38.188276
10.211237,6,38.197279
9.593574,6,38.202725
10.806752,6,38.213336
11.714196,7,38.221406
10.406381,6,38.230682
11.303841,7,38.238859
12.033314,7,38.248018
10.12342,6,38.254824
10.973976,6,38.264438
10.651344,6,38.272029
8.833752,5,38.281207
10.704924,6,38.287768
10.73401,6,38.298017
10.736992,6,38.304019
10.260691,6,38.314009
11.85949,7,38.321979
9.517557,6,38.33525
10.609691,6,38.351068
10.830178,6,38.362734
10.648174,6,38.368245
10.444649,6,38.378528
12.024064,7,38.384182
9.075792,5,38.388137
10.819446,6,38.399423
11.917709,7,38.412659
11.988876,7,38.418894
10.255573,6,38.432453
10.674018,6,38.444189
9.73075,6,38.453163
10.126174,6,38.463108
10.67038,6,38.473785
11.947805,7,38.483096
12.260761,7,38.497834
9.802621,6,38.510468
10.448155,6,38.521792
9.970581,6,38.531083
10.031978,6,38.542513
10.308996,6,38.548845
12.15985,7,38.559327
11.632754,7,38.567569
10.16198,6,38.577717
10.185604,6,38.589861
10.776574,6,38.598575
9.83215,6,38.608984
10.309326,6,38.615953
11.633114,7,38.629134
11.97166,7,38.64207
10.823793,6,38.652432
9.97006,6,38.66161
18.090554,10,38.678636
10.334346,6,38.691042
10.732194,6,38.702819
10.39676,6,38.712192
10.678569,6,38.718861
10.600577,6,38.729266
10.781613,6,38.740577
10.121997,6,38.748731
10.52715,6,38.758529
9.891461,6,38.76647
10.204025,6,38.779919
10.513365,6,38.794391
10.963963,6,38.807802
10.531872,6,38.814385
10.390567,6,38.825554
10.044816,6,38.831478
10.499977,6,38.842275
11.893611,7,38.855776
10.83209,6,38.866632
11.997988,7,38.879238
12.153929,7,38.892894
10.727135,6,38.900334
10.291629,6,38.912133
10.53403,6,38.925609
11.478187,7,38.934806
10.78975,6,38.942558
10.279111,6,38.947427
10.763935,6,38.957669
10.426446,6,38.963516
11.822089,7,38.974309
11.14418,6,38.981304
12.199291,7,38.993572
10.231587,6,38.999985
10.235583,6,39.009122
11.711809,7,39.01603
10.111513,6,39.026974
11.913664,7,39.038288
10.124756,6,39.044854
10.145931,6,39.051032
10.728885,6,39.058563
9.021125,5,39.062875
10.099349,6,39.073182
10.749043,6,39.081707
12.001992,7,39.095707
10.742717,6,39.110546
10.917974,6,39.123224
10.511195,6,39.129575
10.899094,7,39.143739
11.987663,7,39.159092
11.013867,7,39.174433
9.933209,6,39.182483
10.360271,6,39.192642
10.760839,6,39.206458
10.82085,6,39.217498
12.095327,7,39.231749
10.82298,6,39.246279
11.666262,7,39.262399
10.418581,6,39.276542
10.868591,6,39.290206
10.784335,6,39.298572
10.619264,6,39.309082
10.15992,6,39.321262
10.887289,6,39.332447
9.906677,6,39.346798
11.77927,7,39.362233
10.3623,6,39.378887
10.641761,6,39.3983
12.427988,8,39.412473
9.511178,6,39.421831
10.897,6,39.432567
10.884239,6,39.457487
10.213336,6,39.465713
10.102132,6,39.477924
10.997775,6,39.482447
10.899353,6,39.494004
10.538334,6,39.498429
11.752968,7,39.509548
9.795188,6,39.51417
10.333268,6,39.52403
10.069326,6,39.528143
11.948073,7,39.532681
10.165352,6,39.544522
10.093888,6,39.548394
11.794085,7,39.558059
10.775528,6,39.562654
9.962584,6,39.570642
10.976213,6,39.577722
11.572622,7,39.588826
8.883804,5,39.595072
10.898447,6,39.60587
9.513093,6,39.613419
9.889155,6,39.626868
10.845032,6,39.631737
10.795924,6,39.64111
11.320214,7,39.648552
10.891132,6,39.660311
9.537264,6,39.666886
14.239638,8,39.678841
10.790954,6,39.691411
10.8373,6,39.702853
10.194958,6,39.710277
10.822305,6,39.716597
10.857718,6,39.726465
10.051196,6,39.732729
11.971005,7,39.745356
10.834313,6,39.756062
11.794418,7,39.763318
8.864232,5,39.769443
11.802517,7,39.778411
10.30516,6,39.788343
11.980436,7,39.794986
10.429342,6,39.804685
10.769917,6,39.811747
11.956028,7,39.818945
10.461203,6,39.825958
10.868623,6,39.831592
10.484189,6,39.841382
10.868333,6,39.84802
8.880129,5,39.857129
10.920671,6,39.861792
13.425894,8,39.866734
11.873154,7,39.879753
11.881415,7,39.892672
12.008275,7,39.897839
10.294413,6,39.905806
10.760757,6,39.911511
10.668352,6,39.918157
10.547992,6,39.925384
11.28549,7,39.931304
10.696635,6,39.941658
10.07541,6,39.94743
9.96233,6,39.958284
10.823599,6,39.965603
10.027882,6,39.975673
12.360651,7,39.983281
10.431896,6,39.992317
10.887505,6,39.998621
10.801649,6,40.008555
9.15503,5,40.012377
11.964451,7,40.020663
9.887319,6,40.026338
11.984397,7,40.032457
10.791135,6,40.041661
12.198786,7,40.046351
10.572323,6,40.052325
10.859436,6,40.05938
10.575979,6,40.063995
12.038432,7,40.072589
11.75709,7,40.078777
10.412279,6,40.090615
10.909461,6,40.095058
10.760165,6,40.106867
11.940658,7,40.112488
10.244995,6,40.119306
10.187861,6,40.126051
10.02809,6,40.13166
10.195292,6,40.142409
12.166819,7,40.147512
10.988806,6,40.155781
11.75378,7,40.161437
12.095761,7,40.166162
11.432362,7,40.175244
11.91731,7,40.180979
12.279831,7,40.190717
11.907063,7,40.204946
12.10287,7,40.210759
8.967098,5,40.215114
10.784787,6,40.22649
9.988054,6,40.300256
10.336009,6,40.347711
10.284036,6,40.373918
9.626359,6,40.391339
11.826064,7,40.443022
10.692923,6,40.477823
10.951926,6,40.520035
12.400534,7,40.54922
10.150014,6,40.616357
10.744815,6,40.633693
9.979157,6,40.653476
10.125457,6,40.666152
11.927434,7,40.677896
10.773096,6,40.688415
10.358805,6,40.694759
10.715253,6,40.706549
10.88765,6,40.713444
12.03244,7,40.723268
10.843602,6,40.730385
10.813371,6,40.741289
11.810301,7,40.746784
10.917389,6,40.754995
11.983321,7,40.760828
10.447108,6,40.765834
10.777154,6,40.777858
10.873272,6,40.783047
11.954352,7,40.795575
9.917146,6,40.800086
10.746771,6,40.810584
10.247948,6,40.815534
10.476637,6,40.82694
10.326343,6,40.831901
10.963901,6,40.842756
9.65886,6,40.849279
10.864883,6,40.860551
11.383904,7,40.865051
11.758273,7,40.874583
10.044117,6,40.87978
10.373369,6,40.890905
10.161918,6,40.897483
12.004506,7,40.909177
9.664278,6,40.913175
10.684589,6,40.919289
10.844486,7,40.933052
10.894646,6,40.941179
10.984222,6,40.946112
12.005292,7,40.955307
10.747031,6,40.960121
13.007258,7,40.964284
9.578484,6,40.975267
10.473313,6,40.979468
10.645362,6,40.983463
12.540111,7,40.994751
10.44971,6,40.999855
10.008138,6,41.008482
10.774446,6,41.012719
10.400781,6,42.652895
10.375193,6,42.660765
10.126772,6,42.66538
10.301547,6,42.675596
10.106899,6,42.681497
10.712773,6,42.691496
14.441924,8,42.696521
10.090795,6,42.704309
10.072428,6,42.711607
12.015701,7,42.718348
9.954661,6,42.725467
10.339169,6,42.731613
11.818854,7,42.741552
10.811448,6,42.745592
10.247732,6,42.755604
11.984579,7,42.760873
12.147962,7,42.766434
10.67236,6,42.778168
10.154083,6,42.783822
10.906575,6,42.79706
11.974728,7,42.809899
10.791115,6,42.814625
10.662182,6,42.824359
9.581551,6,42.828739
10.792905,6,42.832784
8.878303,5,42.841069
11.690784,7,42.846004
11.931843,7,42.852763
12.047379,7,42.859818
10.926802,6,42.864357
10.201538,6,42.87451
12.006019,7,42.879701
10.76921,6,42.888332
10.120371,6,42.89421
11.992508,7,42.899174
10.290726,6,42.907127
11.58834,7,42.914801
10.839816,6,42.926409
10.7909,6,42.934306
10.61482,6,42.943385
10.530667,6,42.95662
12.038404,7,42.965203
10.234292,6,42.981711
9.022451,5,42.993453
11.761775,7,43.008446
8.825218,5,43.015754
10.087928,6,43.026363
10.794903,6,43.036252
10.250815,6,43.044671
12.008114,7,43.056216
12.02363,7,43.062215
12.129072,7,43.067639
10.39221,6,43.075984
10.127431,6,43.080343
10.917893,6,43.088958
10.276352,6,43.09369
10.593061,6,43.102892
10.699167,6,43.112651
10.901361,6,43.125275
11.128092,7,43.131812
10.545035,6,43.14301
14.302793,8,43.149528
10.324041,6,43.160469
10.129544,6,43.171463
10.068394,6,43.179662
12.172615,7,43.191242
10.538649,6,43.198431
10.323089,6,43.208668
10.786179,6,43.214798
10.106261,6,43.225727
10.037499,6,43.231778
9.026933,5,43.243737
12.060005,7,43.25143
10.069076,6,43.260495
10.862629,6,43.26756
9.920202,6,43.277351
10.06473,6,43.28425
10.324133,6,43.292808
10.65453,6,43.299614
10.557806,6,43.311176
17.992281,10,43.324099
10.500712,6,43.330537
10.226929,6,43.341177
10.057273,6,43.347596
12.270724,7,43.358426
9.476047,6,43.36641
10.520615,6,43.375558
10.915745,6,43.38154
11.963212,7,43.394281
10.887556,6,43.39974
10.060537,6,43.409804
10.354784,6,43.418058
10.328324,6,43.431584
10.864285,6,43.444456
10.430798,6,43.449431
10.691646,7,43.461347
10.500912,6,43.471552
10.618019,6,43.477514
11.91835,7,43.482736
10.795827,6,43.493848
9.952532,6,43.498583
9.970801,6,43.50881
11.981218,7,43.514669
11.801159,7,43.52615
10.848783,6,43.530431
9.841946,6,43.541367
11.875974,7,43.547202
12.020203,7,43.557297
14.455594,8,43.571458
9.845446,6,43.576536
8.889109,5,43.580578
10.817577,6,43.592409
11.564917,7,43.599753
10.087429,6,43.609781
11.947404,7,43.617329
9.885309,6,43.628351
9.970572,6,43.640611
10.608543,6,43.646878
10.093131,6,43.656435
11.901228,7,43.664459
10.86448,6,43.675768
10.804062,6,43.687654
9.859203,6,43.710343
10.265222,6,43.733963
10.269936,6,43.777425
10.885747,6,43.809301
12.018767,7,43.843805
9.974918,6,43.865864
9.988287,6,43.902913
10.795941,6,43.914167
11.992397,7,43.927924
12.035517,7,43.940629
11.577132,7,43.946429
9.611874,6,43.958479
10.886806,6,43.964192
9.993426,6,43.973857
11.929562,7,43.981122
10.165383,6,43.991292
9.699881,6,43.995638
10.69769,6,43.999825
10.736488,6,44.011351
10.418385,6,44.01687
10.731735,6,44.030384
10.127238,6,44.043068
11.945077,7,44.049492
10.024534,6,44.062678
10.444892,6,44.071716
10.457085,6,44.077355
10.513744,6,44.082646
10.931584,6,44.091566
10.663754,6,44.097764
9.968516,6,44.106602
10.908375,6,44.112468
12.083019,7,44.122164
10.881992,6,44.128162
10.991836,6,44.132487
10.014833,6,44.14198
10.388654,6,44.148005
10.03735,6,44.15756
10.678666,6,44.163325
11.292991,7,44.170111
10.41988,6,44.177222
10.013724,6,44.181889
12.969297,8,44.194838
10.879232,6,44.205888
12.317488,7,44.212516
10.098338,6,44.224241
10.254983,6,44.229028
10.866919,6,44.232909
9.942861,6,44.241595
10.599952,6,44.245988
10.038144,6,44.252084
10.137349,6,44.261056
9.916414,6,44.269645
10.131165,6,44.277669
11.982451,7,44.285532
10.10952,6,44.29707
10.674932,6,44.311982
10.864222,6,44.324799
10.894911,6,44.33387
10.777718,6,44.346617
11.922645,7,44.360778
10.879271,6,44.372827
10.42979,6,44.382761
10.268826,6,44.397424
10.686167,6,44.41231
12.259896,7,44.426556
10.691088,6,44.432453
9.551645,6,44.443729
10.594227,6,44.448145
10.924517,6,44.45824
10.093778,6,44.462416
10.743397,6,44.466811
11.96773,7,44.476239
9.084433,5,44.479807
10.052551,6,44.489456
11.721694,7,44.495048
10.325712,6,44.499354
10.860542,6,44.508996
10.327756,6,44.514523
12.148961,7,44.527509
10.551088,6,44.539987
11.419654,7,44.549822
11.887679,7,44.563551
10.049585,6,44.575018
10.417366,6,44.580889
10.346288,6,44.589925
10.906013,6,44.600603
10.653681,6,44.613959
10.563804,6,44.629453
14.234323,9,44.647449
10.715091,6,44.662651
11.930496,7,44.677643
11.825212,7,44.692273
12.019975,7,44.705449
10.280993,6,44.71236
11.902144,7,44.720952
10.470104,6,44.727284
10.570023,6,44.739844
10.551458,6,44.747854
10.767175,6,44.759172
11.443108,7,44.764477
10.557937,6,44.774383
11.851549,7,44.789405
9.931901,6,44.798405
9.819295,6,44.808964
10.049117,6,44.814424
11.864145,7,44.827456
10.826781,6,44.835284
10.775488,6,44.847186
10.920463,6,44.858654
10.305847,6,44.864018
10.279649,6,44.877954
10.665467,6,44.884276
10.147901,6,44.895226
10.318096,6,44.899696
10.118663,6,44.912788
11.028464,7,44.918746
10.731565,6,44.927992
10.37035,6,44.932589
10.822213,6,44.943601
12.062766,7,44.948665
10.852178,6,44.962343
10.871203,6,44.978214
10.555392,6,44.983982
12.066966,7,45.003808
11.405138,7,45.020633
10.863319,6,45.045839
13.011276,7,45.063427
12.21353,7,45.078377
12.037923,7,45.098247
9.866728,6,45.117159
10.854892,6,45.141199
10.49362,6,45.162331
10.512836,6,45.17915
10.137014,6,45.200287
11.989646,7,45.245685
10.189495,6,45.281675
10.693044,6,45.518463
11.932465,7,45.626447
10.431684,6,45.70054
11.849447,7,45.844443
11.960605,7,45.943032
11.990514,7,46.004328
11.681034,7,46.098494
10.806209,6,46.403888
14.394451,8,46.720298
14.298498,8,46.759127
11.293165,7,46.794139
10.888848,6,46.824979
12.022961,7,46.857577
9.89641,6,46.90379
10.396845,6,47.056369
11.960069,7,47.091816
10.138117,6,47.575116
10.222517,6,47.626079
12.163137,7,47.693204
9.090595,5,47.737138
10.905943,6,47.810005
13.012935,7,47.854697
8.826741,5,47.951744
10.892111,6,48.010493
10.38811,6,48.074224
9.606183,6,48.102348
10.896376,6,48.200952
10.73505,6,48.28413
12.124703,7,48.370321
10.210975,6,48.417319
10.647309,7,48.577083
10.354301,6,48.632502
13.683982,8,48.790194
10.433167,6,49.045172
10.472238,6,49.118311
10.777379,6,49.19257
12.011997,7,49.265895
10.238927,6,49.322938
10.991504,6,49.369304
11.820398,7,49.41993
10.143747,6,49.468931
10.821282,6,49.544099
10.881306,6,49.608166
11.932228,7,49.665356
10.898275,6,49.731765
11.795173,7,49.802877
10.885157,6,49.842325
9.882135,6,49.873733
12.033756,7,49.927358
12.072263,7,49.980954
11.712502,7,50.066529
10.856295,6,50.107917
11.611905,7,50.19859
10.835438,6,50.231972
10.054345,6,50.269712
10.227494,6,50.298152
10.657935,6,50.355355
12.162955,7,50.41721
10.064178,6,50.462988
10.757132,6,50.514456
13.114062,8,50.568248
11.47248,7,50.613363
10.270205,6,50.646962
10.451353,6,50.692477
10.814013,6,50.740036
10.555499,6,50.782331
10.726209,6,50.839018
12.104101,7,63.554874
12.226387,7,63.568271
11.806811,7,63.577747
10.997127,7,63.585119
11.841656,7,63.599677
10.24853,6,63.619601
11.899966,7,63.655456
10.337821,6,63.683901
10.326771,6,63.70193
10.813901,6,63.715914
12.736941,7,63.721195
9.986263,6,63.73289
10.614197,6,63.737562
10.68646,6,63.748144
10.490629,6,63.752075
9.578762,6,63.759266
10.038572,6,63.766195
12.621004,7,63.777984
11.996071,7,63.797835
11.942937,7,63.809121
11.041502,6,63.817894
11.666491,7,63.832286
11.824162,7,63.839753
10.048763,6,63.854743
12.052708,7,63.870688
10.793632,6,63.881141
10.455695,6,63.886761
10.436713,6,63.897051
10.382043,6,63.912816
10.816468,6,63.918535
10.632246,6,63.930823
10.042851,6,63.935038
10.757524,6,63.943336
9.981969,6,63.953173
10.21734,6,63.967747
10.389571,6,63.99089
10.361854,6,64.007269
12.063309,7,64.018031
12.004216,7,64.029191
12.043413,7,64.035997
10.761187,6,64.046353
10.630532,6,64.052502
12.137191,7,64.0638
11.961537,7,64.069402
10.157448,6,64.078531
12.159818,7,64.084881
10.766201,6,64.097688
10.241831,6,64.110121
10.844075,6,64.116311
10.504327,6,64.122633
12.261657,7,64.133677
10.400738,6,64.139786
10.781778,6,64.149491
10.879688,6,64.158774
11.134172,7,64.170673
9.09589,5,64.180912
9.952615,6,64.187513
11.987839,7,64.199146
10.068871,6,64.212745
10.758033,6,64.218462
10.305224,6,64.230515
10.556612,6,64.235893
12.067765,7,64.248425
11.599847,7,64.254653
11.199261,7,64.268571
11.20808,7,64.27871
10.998276,6,64.285293
11.774454,7,64.298477
10.569812,6,64.303296
11.586981,7,64.312958
12.150023,7,64.319418
10.704849,6,64.329214
10.279784,6,64.335538
10.955864,6,64.347543
10.19651,6,64.352747
10.004886,6,64.363205
10.140526,6,64.371567
10.420967,6,64.383609
10.736516,6,64.389059
11.886709,7,64.400322
12.01305,7,64.415597
11.761103,7,64.421242
10.81312,6,64.432949
10.105879,6,64.438377
10.499621,6,64.450948
10.234894,6,64.458864
12.008272,7,64.469766
10.597778,6,64.480225
12.034897,7,64.488124
10.392494,6,64.497522
10.295782,6,64.502244
10.908542,6,64.513961
10.984425,6,64.518662
10.36384,6,64.529128
11.936448,7,64.534182
10.463862,6,64.541552
10.114494,6,64.550069
12.051635,7,64.55503
10.785581,6,64.565264
10.153649,6,64.570182
10.91485,7,64.582536
10.874857,6,64.587626
10.797771,6,64.598706
11.788224,7,64.604646
11.134665,7,64.619964
12.251872,7,64.633451
10.632692,6,64.639557
10.838922,6,64.650698
10.630807,6,64.656101
8.845572,5,64.667741
10.992541,6,64.675125
10.841992,6,64.681648
9.444267,6,64.686661
12.002902,7,64.696528
9.860656,6,64.702645
8.901213,5,64.714816
10.809999,6,64.719859
10.275057,6,64.730909
12.324808,8,64.737804
12.109921,7,64.748101
11.774312,7,64.7532
16.348016,9,64.764858
10.553197,6,64.7701
10.461748,6,64.782796
9.45751,6,64.796514
10.095369,6,64.803009
8.870372,5,64.818541
11.864664,7,64.83306
10.297648,6,64.841005
10.963217,6,64.850209
10.867657,6,64.859322
10.74584,6,64.866629
10.183562,6,64.870697
11.672202,7,64.885531
9.846039,6,64.900569
11.962027,7,64.914973
10.799479,6,64.920733
10.031651,6,64.936128
10.133022,6,64.948445
10.789701,6,64.957212
10.079862,6,64.9671
10.526598,6,64.981801
10.180652,6,64.999389
10.167339,6,65.018271
9.023724,5,65.031521
10.258526,6,65.048068
10.511246,6,65.064538
11.902886,7,65.087617
10.52615,6,65.103562
11.75276,7,65.120352
11.891813,7,65.1543
10.475814,6,65.180082
9.882133,6,65.216248
10.861811,6,65.244652
10.839542,6,65.261237
10.739698,6,65.280314
12.449765,8,65.303762
10.09239,6,65.324453
11.760678,7,65.353265
10.227939,6,65.37013
10.487449,6,65.392486
10.641729,6,65.418103
10.767217,6,65.434877
9.830433,6,65.44556
9.732978,6,65.452643
12.014033,7,65.465405
9.702165,6,65.470582
10.736096,6,65.481054
11.944411,7,65.486172
10.789139,6,65.497056
10.882852,6,65.50256
10.871297,6,65.513204
10.449357,6,65.520531
12.129728,7,65.532857
10.606192,6,65.543974
10.450768,6,65.551079
10.470489,6,65.561958
10.210226,6,65.567728
9.959086,6,65.57169
12.188575,7,65.580903
12.003041,7,65.588282
10.033352,6,65.598651
12.16447,7,65.604924
10.26019,6,65.616265
8.844162,5,65.620982
10.326589,6,65.631835
10.483229,6,65.642626
10.68509,6,65.651194
11.987215,7,65.666885
10.642329,6,65.671427
10.833187,6,65.680557
8.92052,5,65.684225
10.039211,6,65.688049
10.165707,6,65.705598
10.441553,6,65.721756
10.625149,6,65.738354
12.021538,7,65.761996
11.441646,7,65.771355
10.882529,6,65.782881
14.009662,8,65.795119
10.665339,6,65.803299
10.177583,6,65.817014
10.808883,6,65.832383
10.71595,6,65.837906
10.671284,6,65.848044
11.952621,7,65.853188
9.9798,6,65.864172
12.11608,7,65.87132
11.91237,7,65.882917
10.881984,6,65.888016
11.779779,7,65.89872
11.760225,7,65.903486
10.442348,6,65.916886
11.622682,7,65.93378
10.531136,6,65.950366
11.783415,7,65.964498
10.551309,6,65.972156
10.265967,6,65.982704
10.417539,6,65.987446
10.818112,6,65.996933
11.979313,7,66.002798
10.84267,6,66.013945
10.894706,6,66.019169
12.111016,7,66.030956
10.460662,6,66.035892
9.910748,6,66.048156
10.896018,6,66.053089
11.972571,7,66.064745
9.051228,5,66.069667
10.454113,6,66.079713
10.255409,6,66.084151
10.865892,7,66.092024
12.066188,7,66.099123
11.820977,7,66.110798
10.833685,6,66.117725
12.119419,7,66.125441
12.608599,7,66.134799
12.139987,7,66.146934
10.135811,6,66.153343
10.897353,6,66.164597
12.05221,7,66.178508
10.46953,6,66.185029
10.920409,6,66.194888
11.584311,7,66.201205
10.771251,6,66.209455
10.679674,7,66.218743
10.655894,6,66.227702
11.922249,7,66.234788
10.331867,6,66.247888
10.524131,6,66.25324
10.471289,6,66.26492
10.217511,6,66.269941
10.137775,6,66.282393
10.475576,6,66.290187
10.842842,6,66.299981
10.542385,6,66.310709
12.205921,7,66.320442
10.228853,6,66.332015
10.008911,6,66.3378
10.84902,6,66.353141
9.938406,6,66.370011
10.917414,6,66.38311
10.77322,6,66.395475
9.966674,6,66.413188
11.606514,7,66.429848
11.873232,7,66.445996
12.22725,7,66.452417
10.124341,6,66.463213
10.87149,6,66.471444
12.079148,7,66.482672
10.578919,6,66.487017
12.167171,7,66.499274
12.003143,7,66.504267
10.650128,6,66.516433
10.77473,6,66.528922
10.813009,6,66.53412
10.830809,6,66.544547
10.504111,6,66.549964
10.427142,6,66.554752
11.71409,7,66.565221
11.918032,7,66.57049
10.886775,6,66.583892
11.847037,7,66.59457
10.432633,6,66.600342
10.906718,6,66.615188
10.851686,6,66.62143
12.053481,7,66.636106
10.767457,6,66.649884
10.85335,6,66.663123
10.872886,6,66.669741
10.882053,6,66.683243
10.747578,6,66.704843
9.626275,6,66.714705
10.883471,6,66.730952
10.812631,6,66.73726
10.913469,6,66.747846
10.942983,6,66.75515
10.777036,6,66.767543
10.089318,6,66.783411
12.05396,7,66.799914
10.51203,6,66.808091
10.750182,6,66.817203
12.129694,7,66.8344
10.574516,6,66.850993
11.995306,7,66.874901
10.699642,6,66.895973
10.926816,6,66.904107
10.299351,6,66.933343
10.620174,6,66.95604
12.079314,7,66.988629
10.339114,6,67.012411
10.684061,6,67.030625
10.015823,6,67.037974
10.943434,6,67.053315
15.369815,9,67.086547
10.879479,6,67.109067
9.901201,6,67.129777
11.883491,7,67.136917
11.785628,7,67.15438
12.012729,7,67.170132
12.033391,7,67.179715
11.953107,7,67.186111
10.830696,6,67.195904
10.105312,6,67.201083
